Workbook

Sheet Inventory
A1: No. | B1: Status | C1: Product name (from SDS) | D1: Manufacturer / supplier | E1: SDS date | F1: Date type | G1: Age (years) | H1: Older than limit? | I1: Before update cutoff? | J1: Signal word | K1: Hazard statement codes | L1: Codes source | M1: Pictograms (from text) | N1: SDS version | O1: Site list product | P1: Location / area | Q1: Container / qty | R1: SDS file | S1: Pages | T1: Needs review | U1: Review notes | V1: Issue | W1: Checked by / date
A2: 1 | B2: =IF(V2="MISSING SDS","MISSING SDS",IF(V2="OLD MSDS FORMAT","REPLACE: OLD FORMAT",IF(T2="YES","REVIEW",IF(OR(H2="YES",I2="YES"),"CHECK FOR NEWER SDS",IF(V2="NOT ON SITE LIST","NOT ON SITE LIST","OK"))))) -> OK | C2: Corvane Brake Parts Cleaner (Non-Chlorinated) | D2: Corvane Automotive Chemicals, Inc. | E2: 45730 | F2: Revision date | G2: =IF(ISNUMBER(E2),ROUND((Settings!$B$5-E2)/365.25,1),"") -> 1.6 | H2: =IF(ISNUMBER(E2),IF((Settings!$B$5-E2)/365.25>Settings!$B$3,"YES","no"),"") -> no | I2: =IF(AND(ISNUMBER(E2),ISNUMBER(Settings!$B$4)),IF(E2<Settings!$B$4,"YES","no"),"") -> no | J2: Danger | K2: H222, H229, H315, H336, H411 | L2: Printed on SDS | M2: GHS02 Flame; GHS07 Exclamation mark; GHS09 Environment | N2: 3.1 | O2: Corvane Brake Parts Cleaner (Non-Chlorinated) | P2: Service Bays | Q2: 24 x 14 oz aerosol | R2: Corvane_CB-200_Brake-Parts-Cleaner_SDS_US_EN.pdf | S2: 2
A3: 2 | B3: =IF(V3="MISSING SDS","MISSING SDS",IF(V3="OLD MSDS FORMAT","REPLACE: OLD FORMAT",IF(T3="YES","REVIEW",IF(OR(H3="YES",I3="YES"),"CHECK FOR NEWER SDS",IF(V3="NOT ON SITE LIST","NOT ON SITE LIST","OK"))))) -> CHECK FOR NEWER SDS | C3: Halberd Rust Penetrant Aerosol | D3: Halberd Tool & Chemical Corp. | E3: 43646 | F3: Revision date | G3: =IF(ISNUMBER(E3),ROUND((Settings!$B$5-E3)/365.25,1),"") -> 7.3 | H3: =IF(ISNUMBER(E3),IF((Settings!$B$5-E3)/365.25>Settings!$B$3,"YES","no"),"") -> YES | I3: =IF(AND(ISNUMBER(E3),ISNUMBER(Settings!$B$4)),IF(E3<Settings!$B$4,"YES","no"),"") -> YES | J3: Danger | K3: H222, H229, H304, H336 | L3: Printed on SDS | M3: Not named in text - check the sheet | N3: 1.0 | O3: Halberd Rust Penetrant | P3: Service Bays | Q3: 12 x 11 oz aerosol | R3: HALBERD-RUST-PENETRANT-SDS-2019.pdf | S3: 2
A4: 3 | B4: =IF(V4="MISSING SDS","MISSING SDS",IF(V4="OLD MSDS FORMAT","REPLACE: OLD FORMAT",IF(T4="YES","REVIEW",IF(OR(H4="YES",I4="YES"),"CHECK FOR NEWER SDS",IF(V4="NOT ON SITE LIST","NOT ON SITE LIST","OK"))))) -> OK | C4: Ironvale Synthetic Motor Oil 5W-30 | D4: Ironvale Lubricants LLC | E4: 45618 | F4: Revision date | G4: =IF(ISNUMBER(E4),ROUND((Settings!$B$5-E4)/365.25,1),"") -> 1.9 | H4: =IF(ISNUMBER(E4),IF((Settings!$B$5-E4)/365.25>Settings!$B$3,"YES","no"),"") -> no | I4: =IF(AND(ISNUMBER(E4),ISNUMBER(Settings!$B$4)),IF(E4<Settings!$B$4,"YES","no"),"") -> no | J4: None | L4: None found | M4: None (stated on the sheet) | O4: Ironvale Synthetic Motor Oil 5W-30 | P4: Service Bays | Q4: 10 x 5 qt jug | R4: ironvale-5w30-synthetic-sds.pdf | S4: 3
A5: 4 | B5: =IF(V5="MISSING SDS","MISSING SDS",IF(V5="OLD MSDS FORMAT","REPLACE: OLD FORMAT",IF(T5="YES","REVIEW",IF(OR(H5="YES",I5="YES"),"CHECK FOR NEWER SDS",IF(V5="NOT ON SITE LIST","NOT ON SITE LIST","OK"))))) -> MISSING SDS | D5: Ridgeback | G5: =IF(ISNUMBER(E5),ROUND((Settings!$B$5-E5)/365.25,1),"") | H5: =IF(ISNUMBER(E5),IF((Settings!$B$5-E5)/365.25>Settings!$B$3,"YES","no"),"") | I5: =IF(AND(ISNUMBER(E5),ISNUMBER(Settings!$B$4)),IF(E5<Settings!$B$4,"YES","no"),"") | O5: Ridgeback R-1234yf Refrigerant | P5: Service Bays | Q5: 2 x 10 lb cylinder | U5: no matching SDS found | V5: MISSING SDS
A6: 5 | B6: =IF(V6="MISSING SDS","MISSING SDS",IF(V6="OLD MSDS FORMAT","REPLACE: OLD FORMAT",IF(T6="YES","REVIEW",IF(OR(H6="YES",I6="YES"),"CHECK FOR NEWER SDS",IF(V6="NOT ON SITE LIST","NOT ON SITE LIST","OK"))))) -> REVIEW | C6: Bluepeak All-Season Windshield Washer Fluid -20°F | D6: Bluepeak Consumer Products Co. | E6: 44971 | F6: Revision date | G6: =IF(ISNUMBER(E6),ROUND((Settings!$B$5-E6)/365.25,1),"") -> 3.6 | H6: =IF(ISNUMBER(E6),IF((Settings!$B$5-E6)/365.25>Settings!$B$3,"YES","no"),"") -> YES | I6: =IF(AND(ISNUMBER(E6),ISNUMBER(Settings!$B$4)),IF(E6<Settings!$B$4,"YES","no"),"") -> YES | J6: Danger | K6: H225, H301, H311, H331, H370 | L6: From wording (verify) | M6: GHS02 Flame; GHS06 Skull and crossbones; GHS08 Health hazard | O6: Bluepeak Washer Fluid -20 | P6: Service Bays | Q6: 18 x 1 gal jug | R6: Bluepeak_Washer_Fluid_-20F_SDS.pdf | S6: 2 | T6: YES | U6: H-codes: not printed on the sheet; matched from the statement wording; check Section 2
A7: 6 | B7: =IF(V7="MISSING SDS","MISSING SDS",IF(V7="OLD MSDS FORMAT","REPLACE: OLD FORMAT",IF(T7="YES","REVIEW",IF(OR(H7="YES",I7="YES"),"CHECK FOR NEWER SDS",IF(V7="NOT ON SITE LIST","NOT ON SITE LIST","OK"))))) -> CHECK FOR NEWER SDS | C7: SALTMARSH AUTOMOTIVE PRIMER - GRAY | D7: Saltmarsh Coatings Ltd. | E7: 44971 | F7: Revised | G7: =IF(ISNUMBER(E7),ROUND((Settings!$B$5-E7)/365.25,1),"") -> 3.6 | H7: =IF(ISNUMBER(E7),IF((Settings!$B$5-E7)/365.25>Settings!$B$3,"YES","no"),"") -> YES | I7: =IF(AND(ISNUMBER(E7),ISNUMBER(Settings!$B$4)),IF(E7<Settings!$B$4,"YES","no"),"") -> YES | J7: Danger | K7: H225, H319, H302, H332, H336, H373 | L7: Printed on SDS | M7: GHS02 Flame; GHS07 Exclamation mark; GHS08 Health hazard | N7: 2 | O7: Saltmarsh Automotive Primer - Gray | P7: Paint & Body Room | Q7: 4 x 1 qt can | R7: saltmarsh_primer_gray_sds.pdf | S7: 2
A8: 7 | B8: =IF(V8="MISSING SDS","MISSING SDS",IF(V8="OLD MSDS FORMAT","REPLACE: OLD FORMAT",IF(T8="YES","REVIEW",IF(OR(H8="YES",I8="YES"),"CHECK FOR NEWER SDS",IF(V8="NOT ON SITE LIST","NOT ON SITE LIST","OK"))))) -> OK | C8: Gristmill Heavy-Duty Degreaser Concentrate | D8: Gristmill Cleaning Solutions, Inc. | E8: 45890 | F8: Issue date | G8: =IF(ISNUMBER(E8),ROUND((Settings!$B$5-E8)/365.25,1),"") -> 1.1 | H8: =IF(ISNUMBER(E8),IF((Settings!$B$5-E8)/365.25>Settings!$B$3,"YES","no"),"") -> no | I8: =IF(AND(ISNUMBER(E8),ISNUMBER(Settings!$B$4)),IF(E8<Settings!$B$4,"YES","no"),"") -> no | J8: Danger | K8: H290, H314 | L8: Printed on SDS | M8: GHS05 Corrosion | O8: Gristmill HD Degreaser Concentrate | P8: Parts Washer & Storage | Q8: 2 x 5 gal pail | R8: Gristmill-HD-Degreaser-GM-HD-5-SDS.pdf | S8: 3
A9: 8 | B9: =IF(V9="MISSING SDS","MISSING SDS",IF(V9="OLD MSDS FORMAT","REPLACE: OLD FORMAT",IF(T9="YES","REVIEW",IF(OR(H9="YES",I9="YES"),"CHECK FOR NEWER SDS",IF(V9="NOT ON SITE LIST","NOT ON SITE LIST","OK"))))) -> REPLACE: OLD FORMAT | C9: TRI-COUNTY HAND CLEANER W/ PUMICE | D9: Tri-County Soap Works | E9: 39550 | F9: Date prepared | G9: =IF(ISNUMBER(E9),ROUND((Settings!$B$5-E9)/365.25,1),"") -> 18.5 | H9: =IF(ISNUMBER(E9),IF((Settings!$B$5-E9)/365.25>Settings!$B$3,"YES","no"),"") -> YES | I9: =IF(AND(ISNUMBER(E9),ISNUMBER(Settings!$B$4)),IF(E9<Settings!$B$4,"YES","no"),"") -> YES | L9: None found | M9: Not named in text - check the sheet | O9: Tri-County Hand Cleaner w/ Pumice | P9: Office & Janitorial | Q9: 3 x 4.5 lb tub | R9: tri-county-hand-cleaner-msds.pdf | S9: 1 | T9: YES | U9: old MSDS format (not the 16-section SDS); request the current SDS from the manufacturer; date '04/12/2008' read as April 12, 2008 | V9: OLD MSDS FORMAT
A10: 9 | B10: =IF(V10="MISSING SDS","MISSING SDS",IF(V10="OLD MSDS FORMAT","REPLACE: OLD FORMAT",IF(T10="YES","REVIEW",IF(OR(H10="YES",I10="YES"),"CHECK FOR NEWER SDS",IF(V10="NOT ON SITE LIST","NOT ON SITE LIST","OK"))))) -> OK | C10: Pemberton Glass Cleaner | D10: Pemberton Household Supply (fictional) | E10: 45538 | F10: Entered by hand | G10: =IF(ISNUMBER(E10),ROUND((Settings!$B$5-E10)/365.25,1),"") -> 2.1 | H10: =IF(ISNUMBER(E10),IF((Settings!$B$5-E10)/365.25>Settings!$B$3,"YES","no"),"") -> no | I10: =IF(AND(ISNUMBER(E10),ISNUMBER(Settings!$B$4)),IF(E10<Settings!$B$4,"YES","no"),"") -> no | J10: Warning | K10: H319 | L10: Entered by hand | M10: Not named in text - check the sheet | O10: Pemberton Glass Cleaner | P10: Office & Janitorial | Q10: 6 x 32 oz spray | R10: pemberton-glass-cleaner.pdf | S10: 2 | U10: Checked by hand (scanned sheet checked by eye); entered by hand: date, codes, product name, signal word, manufacturer
A11: 10 | B11: =IF(V11="MISSING SDS","MISSING SDS",IF(V11="OLD MSDS FORMAT","REPLACE: OLD FORMAT",IF(T11="YES","REVIEW",IF(OR(H11="YES",I11="YES"),"CHECK FOR NEWER SDS",IF(V11="NOT ON SITE LIST","NOT ON SITE LIST","OK"))))) -> NOT ON SITE LIST | C11: Lanternfly Tire Shine Spray | D11: Lanternfly Car Care Co. | E11: 46034 | F11: Revision date | G11: =IF(ISNUMBER(E11),ROUND((Settings!$B$5-E11)/365.25,1),"") -> 0.7 | H11: =IF(ISNUMBER(E11),IF((Settings!$B$5-E11)/365.25>Settings!$B$3,"YES","no"),"") -> no | I11: =IF(AND(ISNUMBER(E11),ISNUMBER(Settings!$B$4)),IF(E11<Settings!$B$4,"YES","no"),"") -> no | J11: Warning | K11: H223, H229, H412 | L11: Printed on SDS | M11: GHS02 Flame | N11: 1.2 | R11: lanternfly-tire-shine-sds.pdf | S11: 2 | U11: not on the site list; ask the client whether this product is still used | V11: NOT ON SITE LIST

Sheet Chemical List
A1: Hazardous chemical list
A2: Riverside Auto Care (fictional client)
A3: Confirmed by the employer: ______________________________ Date: ______________
A5: No. | B5: Product name | C5: Manufacturer / supplier | D5: Location / area | E5: SDS date | F5: SDS on file
A6: 1 | B6: =IF(Inventory!C2<>"",Inventory!C2,Inventory!O2&"") -> Corvane Brake Parts Cleaner (Non-Chlorinated) | C6: =Inventory!D2&"" -> Corvane Automotive Chemicals, Inc. | D6: =Inventory!P2&"" -> Service Bays | E6: =IF(ISNUMBER(Inventory!E2),Inventory!E2,"") -> 45730 | F6: =IF(Inventory!R2="","MISSING","Yes") -> Yes
A7: 2 | B7: =IF(Inventory!C3<>"",Inventory!C3,Inventory!O3&"") -> Halberd Rust Penetrant Aerosol | C7: =Inventory!D3&"" -> Halberd Tool & Chemical Corp. | D7: =Inventory!P3&"" -> Service Bays | E7: =IF(ISNUMBER(Inventory!E3),Inventory!E3,"") -> 43646 | F7: =IF(Inventory!R3="","MISSING","Yes") -> Yes
A8: 3 | B8: =IF(Inventory!C4<>"",Inventory!C4,Inventory!O4&"") -> Ironvale Synthetic Motor Oil 5W-30 | C8: =Inventory!D4&"" -> Ironvale Lubricants LLC | D8: =Inventory!P4&"" -> Service Bays | E8: =IF(ISNUMBER(Inventory!E4),Inventory!E4,"") -> 45618 | F8: =IF(Inventory!R4="","MISSING","Yes") -> Yes
A9: 4 | B9: =IF(Inventory!C5<>"",Inventory!C5,Inventory!O5&"") -> Ridgeback R-1234yf Refrigerant | C9: =Inventory!D5&"" -> Ridgeback | D9: =Inventory!P5&"" -> Service Bays | E9: =IF(ISNUMBER(Inventory!E5),Inventory!E5,"") | F9: =IF(Inventory!R5="","MISSING","Yes") -> MISSING
A10: 5 | B10: =IF(Inventory!C6<>"",Inventory!C6,Inventory!O6&"") -> Bluepeak All-Season Windshield Washer Fluid -20°F | C10: =Inventory!D6&"" -> Bluepeak Consumer Products Co. | D10: =Inventory!P6&"" -> Service Bays | E10: =IF(ISNUMBER(Inventory!E6),Inventory!E6,"") -> 44971 | F10: =IF(Inventory!R6="","MISSING","Yes") -> Yes
A11: 6 | B11: =IF(Inventory!C7<>"",Inventory!C7,Inventory!O7&"") -> SALTMARSH AUTOMOTIVE PRIMER - GRAY | C11: =Inventory!D7&"" -> Saltmarsh Coatings Ltd. | D11: =Inventory!P7&"" -> Paint & Body Room | E11: =IF(ISNUMBER(Inventory!E7),Inventory!E7,"") -> 44971 | F11: =IF(Inventory!R7="","MISSING","Yes") -> Yes
A12: 7 | B12: =IF(Inventory!C8<>"",Inventory!C8,Inventory!O8&"") -> Gristmill Heavy-Duty Degreaser Concentrate | C12: =Inventory!D8&"" -> Gristmill Cleaning Solutions, Inc. | D12: =Inventory!P8&"" -> Parts Washer & Storage | E12: =IF(ISNUMBER(Inventory!E8),Inventory!E8,"") -> 45890 | F12: =IF(Inventory!R8="","MISSING","Yes") -> Yes
A13: 8 | B13: =IF(Inventory!C9<>"",Inventory!C9,Inventory!O9&"") -> TRI-COUNTY HAND CLEANER W/ PUMICE | C13: =Inventory!D9&"" -> Tri-County Soap Works | D13: =Inventory!P9&"" -> Office & Janitorial | E13: =IF(ISNUMBER(Inventory!E9),Inventory!E9,"") -> 39550 | F13: =IF(Inventory!R9="","MISSING","Yes") -> Yes
A14: 9 | B14: =IF(Inventory!C10<>"",Inventory!C10,Inventory!O10&"") -> Pemberton Glass Cleaner | C14: =Inventory!D10&"" -> Pemberton Household Supply (fictional) | D14: =Inventory!P10&"" -> Office & Janitorial | E14: =IF(ISNUMBER(Inventory!E10),Inventory!E10,"") -> 45538 | F14: =IF(Inventory!R10="","MISSING","Yes") -> Yes
A16: Product names and dates are as printed on each safety data sheet. Sheets are kept in the SDS binder.

Sheet Binder Index
A1: Section | B1: Title | C1: File | D1: Order | E1: Notes | F1: Include
A2: Service Bays | B2: Bluepeak All-Season Windshield Washer Fluid -20°F | C2: Bluepeak_Washer_Fluid_-20F_SDS.pdf | D2: 1 | E2: Bluepeak Consumer Products Co. · Revised Feb 14, 2023 | F2: yes
A3: Service Bays | B3: Corvane Brake Parts Cleaner (Non-Chlorinated) | C3: Corvane_CB-200_Brake-Parts-Cleaner_SDS_US_EN.pdf | D3: 2 | E3: Corvane Automotive Chemicals, Inc. · Revised Mar 14, 2025 | F3: yes
A4: Service Bays | B4: Halberd Rust Penetrant Aerosol | C4: HALBERD-RUST-PENETRANT-SDS-2019.pdf | D4: 3 | E4: Halberd Tool & Chemical Corp. · Revised Jun 30, 2019 | F4: yes
A5: Service Bays | B5: Ironvale Synthetic Motor Oil 5W-30 | C5: ironvale-5w30-synthetic-sds.pdf | D5: 4 | E5: Ironvale Lubricants LLC · Revised Nov 22, 2024 | F5: yes
A6: Service Bays | B6: Ridgeback R-1234yf Refrigerant | D6: 5 | E6: Ridgeback · SDS requested - not yet received | F6: yes
A7: Paint & Body Room | B7: SALTMARSH AUTOMOTIVE PRIMER - GRAY | C7: saltmarsh_primer_gray_sds.pdf | D7: 6 | E7: Saltmarsh Coatings Ltd. · Revised Feb 14, 2023 | F7: yes
A8: Parts Washer & Storage | B8: Gristmill Heavy-Duty Degreaser Concentrate | C8: Gristmill-HD-Degreaser-GM-HD-5-SDS.pdf | D8: 7 | E8: Gristmill Cleaning Solutions, Inc. · Dated Aug 21, 2025 | F8: yes
A9: Office & Janitorial | B9: Pemberton Glass Cleaner | C9: pemberton-glass-cleaner.pdf | D9: 8 | E9: Pemberton Household Supply (fictional) · Revised Sep 3, 2024 | F9: yes
A10: Office & Janitorial | B10: TRI-COUNTY HAND CLEANER W/ PUMICE | C10: tri-county-hand-cleaner-msds.pdf | D10: 9 | E10: Tri-County Soap Works · Dated Apr 12, 2008 | F10: yes
A11: Not on site list | B11: Lanternfly Tire Shine Spray | C11: lanternfly-tire-shine-sds.pdf | D11: 10 | E11: Lanternfly Car Care Co. · Revised Jan 12, 2026 | F11: no

Sheet Summary
A1: Chemical inventory summary
A2: Riverside Auto Care (fictional client)
A4: Status | B4: Count | C4: What to do
A5: OK | B5: =COUNTIF(Inventory!$B:$B,"OK") -> 4 | C5: Sheet found, details read clearly, not older than the limit.
A6: CHECK FOR NEWER SDS | B6: =COUNTIF(Inventory!$B:$B,"CHECK FOR NEWER SDS") -> 2 | C6: Older than the age limit or dated before the update cutoff. Look for a newer version on the manufacturer's website.
A7: REVIEW | B7: =COUNTIF(Inventory!$B:$B,"REVIEW") -> 1 | C7: Something was unclear. Open the PDF and check the highlighted cells.
A8: MISSING SDS | B8: =COUNTIF(Inventory!$B:$B,"MISSING SDS") -> 1 | C8: On the site list but no sheet was found. Get the current SDS.
A9: REPLACE: OLD FORMAT | B9: =COUNTIF(Inventory!$B:$B,"REPLACE: OLD FORMAT") -> 1 | C9: An old-style MSDS. Get the current 16-section SDS.
A10: NOT ON SITE LIST | B10: =COUNTIF(Inventory!$B:$B,"NOT ON SITE LIST") -> 1 | C10: A sheet was supplied but the product is not on the client's list. Ask the client.
A11: Total rows | B11: =SUM(B5:B10) -> 10
A13: Checked as of | B13: 2026-10-07
A14: Age limit (years) | B14: 3
A15: Update cutoff date | B15: 2024-07-19

Sheet Settings
A1: Settings used by the status formulas
A3: Age limit (years) | B3: 3 | C3: Sheets older than this are flagged 'CHECK FOR NEWER SDS'. OSHA sets no expiry date for safety data sheets; this only prompts a check for a newer version.
A4: Update cutoff date | B4: 45492 | C4: Sheets dated before this are flagged too. Default: 2024-07-19, when OSHA's 2024 Hazard Communication update took effect. Clear the cell to turn this check off.
A5: Check ages as of | B5: =TODAY() -> 46302 | C5: The formula =TODAY() keeps ages current each time the file is opened. Type a date to freeze them.
A7: Client / site | B7: Riverside Auto Care (fictional client)
A8: Created | B8: 2026-10-07 10:49

Sheet Read me
A1: How to check this inventory
A3: This workbook lists what each safety data sheet (SDS) says. It is not a hazard assessment and it does not classify any chemical. Nothing in the PDFs was changed.
A5: How to use it
A6: 1. Open the Inventory sheet and filter the Status column.
A7: 2. REVIEW rows: open the PDF named in 'SDS file' and check every highlighted cell. Amber = the script was unsure. Red = not found. Hover over a cell with a red corner to see why. Fix the cell, then clear 'Needs review' (the status updates by itself) and put your initials in 'Checked by / date'.
A8: 3. CHECK FOR NEWER SDS rows: look for a newer sheet on the manufacturer's or supplier's website and replace the PDF. Then run extract_sds.py again.
A9: 4. MISSING SDS rows: get the current SDS from the manufacturer, supplier or distributor.
A10: 5. REPLACE: OLD FORMAT rows: the file is an old-style MSDS. Get the current 16-section SDS.
A11: 6. NOT ON SITE LIST rows: ask the client whether the product is still used on site.
A12: 7. Send the finished list to the client to confirm. The client confirms the on-site list; you don't. The 'Chemical List' sheet is a plain printable version (it reads from the Inventory sheet).
A13: 8. Check the 'Binder Index' sheet (titles, sections, include = yes/no), then build the binder with build_binder.py --sheet "Binder Index".
A15: Columns
... A23: OSHA sets the compliance dates for its revised Hazard Communication Standard. Check the current dates on osha.gov (the employer date is reported as 20 November 2026 for single-substance chemicals).
