Workbook

Sheet Submittal Log
A1: SUBMITTAL LOG
A2: Project | G2: Project no.
A3: Subcontractor | G3: General contractor
A4: Prepared by | G4: Log updated
A5: Yellow cells are for you to fill in. Days in review and Late? are worked out for you. This log tracks paperwork only; it does not confirm that anything complies.
A7: Submittal No. | B7: Rev | C7: Spec section | D7: Description | E7: Type | F7: Submitted to | G7: Date required | H7: Date submitted | I7: Date returned | J7: Status | K7: Days in review | L7: Late? | M7: Ball in court | N7: Next action | O7: Reviewer comments / notes | P7: File name
A8: EXAMPLE 23 34 23-001 | B8: 0 | C8: 23 34 23 | D8: Exhaust fans EF-1 to EF-3 - product data (example row: replace or delete) | E8: Product data | F8: General contractor | G8: 46083 | H8: 46077 | I8: 46087 | J8: Approved as noted | K8: =IF(H8="","",IF(I8="",TODAY()-H8,I8-H8)) -> 10 | L8: =IF(AND(ISNUMBER(G8),H8="",TODAY()>G8),"LATE","") | M8: Subcontractor | N8: File the reviewed copy | O8: Confirm motor voltage with the electrical drawings. | P8: 23 34 23-001_R0_Exhaust-Fans_Product-Data.pdf
K9: =IF(H9="","",IF(I9="",TODAY()-H9,I9-H9)) | L9: =IF(AND(ISNUMBER(G9),H9="",TODAY()>G9),"LATE","")
K10: =IF(H10="","",IF(I10="",TODAY()-H10,I10-H10)) | L10: =IF(AND(ISNUMBER(G10),H10="",TODAY()>G10),"LATE","")
K11: =IF(H11="","",IF(I11="",TODAY()-H11,I11-H11)) | L11: =IF(AND(ISNUMBER(G11),H11="",TODAY()>G11),"LATE","")
K12: =IF(H12="","",IF(I12="",TODAY()-H12,I12-H12)) | L12: =IF(AND(ISNUMBER(G12),H12="",TODAY()>G12),"LATE","")
K13: =IF(H13="","",IF(I13="",TODAY()-H13,I13-H13)) | L13: =IF(AND(ISNUMBER(G13),H13="",TODAY()>G13),"LATE","")
K14: =IF(H14="","",IF(I14="",TODAY()-H14,I14-H14)) | L14: =IF(AND(ISNUMBER(G14),H14="",TODAY()>G14),"LATE","")
K15: =IF(H15="","",IF(I15="",TODAY()-H15,I15-H15)) | L15: =IF(AND(ISNUMBER(G15),H15="",TODAY()>G15),"LATE","")
K16: =IF(H16="","",IF(I16="",TODAY()-H16,I16-H16)) | L16: =IF(AND(ISNUMBER(G16),H16="",TODAY()>G16),"LATE","")
K17: =IF(H17="","",IF(I17="",TODAY()-H17,I17-H17)) | L17: =IF(AND(ISNUMBER(G17),H17="",TODAY()>G17),"LATE","")
K18: =IF(H18="","",IF(I18="",TODAY()-H18,I18-H18)) | L18: =IF(AND(ISNUMBER(G18),H18="",TODAY()>G18),"LATE","")
K19: =IF(H19="","",IF(I19="",TODAY()-H19,I19-H19)) | L19: =IF(AND(ISNUMBER(G19),H19="",TODAY()>G19),"LATE","")
K20: =IF(H20="","",IF(I20="",TODAY()-H20,I20-H20)) | L20: =IF(AND(ISNUMBER(G20),H20="",TODAY()>G20),"LATE","")
... K257: =IF(H257="","",IF(I257="",TODAY()-H257,I257-H257)) | L257: =IF(AND(ISNUMBER(G257),H257="",TODAY()>G257),"LATE","")

Sheet Summary
A1: Submittal summary
A4: Status | B4: Count
A5: Not submitted | B5: =COUNTIF('Submittal Log'!$J$8:$J$257,"Not submitted") -> 0
A6: Submitted - under review | B6: =COUNTIF('Submittal Log'!$J$8:$J$257,"Submitted - under review") -> 0
A7: Approved | B7: =COUNTIF('Submittal Log'!$J$8:$J$257,"Approved") -> 0
A8: Approved as noted | B8: =COUNTIF('Submittal Log'!$J$8:$J$257,"Approved as noted") -> 1
A9: Revise and resubmit | B9: =COUNTIF('Submittal Log'!$J$8:$J$257,"Revise and resubmit") -> 0
A10: Rejected | B10: =COUNTIF('Submittal Log'!$J$8:$J$257,"Rejected") -> 0
A11: For record only | B11: =COUNTIF('Submittal Log'!$J$8:$J$257,"For record only") -> 0
A12: Closed | B12: =COUNTIF('Submittal Log'!$J$8:$J$257,"Closed") -> 0
A13: Total submittals logged | B13: =COUNTA('Submittal Log'!$A$8:$A$257) -> 1
A14: Late to submit | B14: =COUNTIF('Submittal Log'!$L$8:$L$257,"LATE") -> 0
A15: Average days in review (returned) | B15: =IFERROR(ROUND(AVERAGEIFS('Submittal Log'!$K$8:$K$257,'Submittal Log'!$I$8:$I$257,"<>"),1),"") -> 10

Sheet Lists
A1: Type | B1: Status | C1: Ball in court
A2: Product data | B2: Not submitted | C2: Subcontractor
A3: Shop drawings | B3: Submitted - under review | C3: General contractor
A4: Samples | B4: Approved | C4: Architect / engineer
A5: Calculations | B5: Approved as noted | C5: Owner
A6: Certificates | B6: Revise and resubmit
A7: Test reports | B7: Rejected
A8: O&M manual | B8: For record only
A9: Warranty | B9: Closed
A10: Record drawings
A11: Closeout
A12: Edit these lists to change the drop-down choices.

Sheet Read me
A1: How to use this submittal log
A3: One row per submittal, and a new row for each resubmittal (same number, next Rev). Use the general contractor's numbering if they have one; otherwise spec section + sequence, e.g. 23 34 23-001.
A4: Yellow cells at the top are for the project details. Type and Status have drop-downs (edit them on the Lists sheet). Days in review and Late? are formulas: don't type over them.
A5: Days in review counts from Date submitted to Date returned, or to today while the item is still out. It turns amber after 14 days. Late? shows LATE when the required date has passed and nothing was submitted.
A6: File name: the exact name of the PDF you sent, so you can always find it again.
A7: The Summary sheet counts submittals by status.
A9: Rules
A10: This log tracks paperwork. Approval decisions come from the reviewers. You never certify that a product complies, and you never alter a manufacturer's document.
